USE [master]
GO
/****** Object:  Database [WheelMovies]    Script Date: 7/14/2019 4:45:45 PM ******/
CREATE DATABASE [WheelMovies]
 CONTAINMENT = NONE
 ON  PRIMARY 
( NAME = N'WheelMovies', FILENAME = N'C:\Program Files\Microsoft SQL Server\MSSQL14.SQLEXPRESS\MSSQL\DATA\WheelMovies.mdf' , SIZE = 8192KB , MAXSIZE = UNLIMITED, FILEGROWTH = 65536KB )
 LOG ON 
( NAME = N'WheelMovies_log', FILENAME = N'C:\Program Files\Microsoft SQL Server\MSSQL14.SQLEXPRESS\MSSQL\DATA\WheelMovies_log.ldf' , SIZE = 8192KB , MAXSIZE = 2048GB , FILEGROWTH = 65536KB )
GO
IF (1 = FULLTEXTSERVICEPROPERTY('IsFullTextInstalled'))
begin
EXEC [WheelMovies].[dbo].[sp_fulltext_database] @action = 'enable'
end
GO
ALTER DATABASE [WheelMovies] SET ANSI_NULL_DEFAULT OFF 
GO
ALTER DATABASE [WheelMovies] SET ANSI_NULLS OFF 
GO
ALTER DATABASE [WheelMovies] SET ANSI_PADDING OFF 
GO
ALTER DATABASE [WheelMovies] SET ANSI_WARNINGS OFF 
GO
ALTER DATABASE [WheelMovies] SET ARITHABORT OFF 
GO
ALTER DATABASE [WheelMovies] SET AUTO_CLOSE OFF 
GO
ALTER DATABASE [WheelMovies] SET AUTO_SHRINK OFF 
GO
ALTER DATABASE [WheelMovies] SET AUTO_UPDATE_STATISTICS ON 
GO
ALTER DATABASE [WheelMovies] SET CURSOR_CLOSE_ON_COMMIT OFF 
GO
ALTER DATABASE [WheelMovies] SET CURSOR_DEFAULT  GLOBAL 
GO
ALTER DATABASE [WheelMovies] SET CONCAT_NULL_YIELDS_NULL OFF 
GO
ALTER DATABASE [WheelMovies] SET NUMERIC_ROUNDABORT OFF 
GO
ALTER DATABASE [WheelMovies] SET QUOTED_IDENTIFIER OFF 
GO
ALTER DATABASE [WheelMovies] SET RECURSIVE_TRIGGERS OFF 
GO
ALTER DATABASE [WheelMovies] SET  DISABLE_BROKER 
GO
ALTER DATABASE [WheelMovies] SET AUTO_UPDATE_STATISTICS_ASYNC OFF 
GO
ALTER DATABASE [WheelMovies] SET DATE_CORRELATION_OPTIMIZATION OFF 
GO
ALTER DATABASE [WheelMovies] SET TRUSTWORTHY OFF 
GO
ALTER DATABASE [WheelMovies] SET ALLOW_SNAPSHOT_ISOLATION OFF 
GO
ALTER DATABASE [WheelMovies] SET PARAMETERIZATION SIMPLE 
GO
ALTER DATABASE [WheelMovies] SET READ_COMMITTED_SNAPSHOT OFF 
GO
ALTER DATABASE [WheelMovies] SET HONOR_BROKER_PRIORITY OFF 
GO
ALTER DATABASE [WheelMovies] SET RECOVERY SIMPLE 
GO
ALTER DATABASE [WheelMovies] SET  MULTI_USER 
GO
ALTER DATABASE [WheelMovies] SET PAGE_VERIFY CHECKSUM  
GO
ALTER DATABASE [WheelMovies] SET DB_CHAINING OFF 
GO
ALTER DATABASE [WheelMovies] SET FILESTREAM( NON_TRANSACTED_ACCESS = OFF ) 
GO
ALTER DATABASE [WheelMovies] SET TARGET_RECOVERY_TIME = 60 SECONDS 
GO
ALTER DATABASE [WheelMovies] SET DELAYED_DURABILITY = DISABLED 
GO
ALTER DATABASE [WheelMovies] SET QUERY_STORE = OFF
GO
USE [WheelMovies]
GO
/****** Object:  Table [dbo].[Genre]    Script Date: 7/14/2019 4:45:45 PM ******/
SET ANSI_NULLS ON
GO
SET QUOTED_IDENTIFIER ON
GO
CREATE TABLE [dbo].[Genre](
	[Id] [int] IDENTITY(1,1) NOT NULL,
	[Name] [nvarchar](50) NOT NULL,
	[RowVersion] rowversion NOT NULL,
 CONSTRAINT [PK_Genre] PRIMARY KEY CLUSTERED 
(
	[Id] ASC
)WITH (PAD_INDEX = OFF, STATISTICS_NORECOMPUTE = OFF, IGNORE_DUP_KEY = OFF, ALLOW_ROW_LOCKS = ON, ALLOW_PAGE_LOCKS = ON) ON [PRIMARY]
) ON [PRIMARY]
GO
/****** Object:  Table [dbo].[Movie]    Script Date: 7/14/2019 4:45:45 PM ******/
SET ANSI_NULLS ON
GO
SET QUOTED_IDENTIFIER ON
GO
CREATE TABLE [dbo].[Movie](
	[Id] [int] IDENTITY(1,1) NOT NULL,
	[Title] [nvarchar](500) NOT NULL,
	[YearOfRelease] [smallint] NOT NULL,
	[RunningTime] [smallint] NOT NULL,
	[RowVersion] rowversion NOT NULL,
 CONSTRAINT [PK_Movie] PRIMARY KEY CLUSTERED 
(
	[Id] ASC
)WITH (PAD_INDEX = OFF, STATISTICS_NORECOMPUTE = OFF, IGNORE_DUP_KEY = OFF, ALLOW_ROW_LOCKS = ON, ALLOW_PAGE_LOCKS = ON) ON [PRIMARY]
) ON [PRIMARY]
GO
/****** Object:  Table [dbo].[MovieGenre]    Script Date: 7/14/2019 4:45:45 PM ******/
SET ANSI_NULLS ON
GO
SET QUOTED_IDENTIFIER ON
GO
CREATE TABLE [dbo].[MovieGenre](
	[Id] [int] NOT NULL,
	[MovieId] [int] NOT NULL,
	[GenreId] [int] NOT NULL,
	[RowVersion] rowversion NOT NULL,
 CONSTRAINT [PK_MovieGenre] PRIMARY KEY CLUSTERED 
(
	[Id] ASC
)WITH (PAD_INDEX = OFF, STATISTICS_NORECOMPUTE = OFF, IGNORE_DUP_KEY = OFF, ALLOW_ROW_LOCKS = ON, ALLOW_PAGE_LOCKS = ON) ON [PRIMARY]
) ON [PRIMARY]
GO
/****** Object:  Table [dbo].[MovieRating]    Script Date: 7/14/2019 4:45:45 PM ******/
SET ANSI_NULLS ON
GO
SET QUOTED_IDENTIFIER ON
GO
CREATE TABLE [dbo].[MovieRating](
	[Id] [int] IDENTITY(1,1) NOT NULL,
	[MovieId] [int] NOT NULL,
	[UserId] [int] NOT NULL,
	[Rating] [smallint] NOT NULL,
	[RowVersion] rowversion NOT NULL,
 CONSTRAINT [PK_MovieRating] PRIMARY KEY CLUSTERED 
(
	[Id] ASC
)WITH (PAD_INDEX = OFF, STATISTICS_NORECOMPUTE = OFF, IGNORE_DUP_KEY = OFF, ALLOW_ROW_LOCKS = ON, ALLOW_PAGE_LOCKS = ON) ON [PRIMARY]
) ON [PRIMARY]
GO
/****** Object:  Table [dbo].[User]    Script Date: 7/14/2019 4:45:45 PM ******/
SET ANSI_NULLS ON
GO
SET QUOTED_IDENTIFIER ON
GO
CREATE TABLE [dbo].[User](
	[Id] [int] IDENTITY(1,1) NOT NULL,
	[Name] [nvarchar](500) NOT NULL,
	[RowVersion] rowversion NOT NULL,
 CONSTRAINT [PK_User] PRIMARY KEY CLUSTERED 
(
	[Id] ASC
)WITH (PAD_INDEX = OFF, STATISTICS_NORECOMPUTE = OFF, IGNORE_DUP_KEY = OFF, ALLOW_ROW_LOCKS = ON, ALLOW_PAGE_LOCKS = ON) ON [PRIMARY]
) ON [PRIMARY]
GO
SET IDENTITY_INSERT [dbo].[Genre] ON 
GO
INSERT [dbo].[Genre] ([Id], [Name]) VALUES (1, N'Action')
GO
INSERT [dbo].[Genre] ([Id], [Name]) VALUES (2, N'Adventure')
GO
INSERT [dbo].[Genre] ([Id], [Name]) VALUES (3, N'Comedy')
GO
INSERT [dbo].[Genre] ([Id], [Name]) VALUES (4, N'Drama')
GO
SET IDENTITY_INSERT [dbo].[Genre] OFF
GO
SET IDENTITY_INSERT [dbo].[Movie] ON 
GO
INSERT [dbo].[Movie] ([Id], [Title], [YearOfRelease], [RunningTime]) VALUES (1, N'Movie1', 2000, 60)
GO
INSERT [dbo].[Movie] ([Id], [Title], [YearOfRelease], [RunningTime]) VALUES (2, N'Movie2', 2001, 120)
GO
SET IDENTITY_INSERT [dbo].[Movie] OFF
GO
INSERT [dbo].[MovieGenre] ([Id], [MovieId], [GenreId]) VALUES (1, 1, 1)
GO
INSERT [dbo].[MovieGenre] ([Id], [MovieId], [GenreId]) VALUES (2, 2, 2)
GO
INSERT [dbo].[MovieGenre] ([Id], [MovieId], [GenreId]) VALUES (3, 1, 3)
GO
SET IDENTITY_INSERT [dbo].[MovieRating] ON 
GO
INSERT [dbo].[MovieRating] ([Id], [MovieId], [UserId], [Rating]) VALUES (1, 1, 1, 2)
GO
INSERT [dbo].[MovieRating] ([Id], [MovieId], [UserId], [Rating]) VALUES (5, 2, 1, 5)
GO
INSERT [dbo].[MovieRating] ([Id], [MovieId], [UserId], [Rating]) VALUES (6, 1, 2, 4)
GO
SET IDENTITY_INSERT [dbo].[MovieRating] OFF
GO
SET IDENTITY_INSERT [dbo].[User] ON 
GO
INSERT [dbo].[User] ([Id], [Name]) VALUES (1, N'User1')
GO
INSERT [dbo].[User] ([Id], [Name]) VALUES (2, N'User2')
GO
SET IDENTITY_INSERT [dbo].[User] OFF
GO
ALTER TABLE [dbo].[MovieGenre]  WITH CHECK ADD  CONSTRAINT [FK_MovieGenre_Genre] FOREIGN KEY([GenreId])
REFERENCES [dbo].[Genre] ([Id])
ON UPDATE CASCADE
ON DELETE CASCADE
GO
ALTER TABLE [dbo].[MovieGenre] CHECK CONSTRAINT [FK_MovieGenre_Genre]
GO
ALTER TABLE [dbo].[MovieGenre]  WITH CHECK ADD  CONSTRAINT [FK_MovieGenre_Movie] FOREIGN KEY([MovieId])
REFERENCES [dbo].[Movie] ([Id])
ON UPDATE CASCADE
ON DELETE CASCADE
GO
ALTER TABLE [dbo].[MovieGenre] CHECK CONSTRAINT [FK_MovieGenre_Movie]
GO
ALTER TABLE [dbo].[MovieRating]  WITH CHECK ADD  CONSTRAINT [FK_MovieRating_Movie] FOREIGN KEY([MovieId])
REFERENCES [dbo].[Movie] ([Id])
ON UPDATE CASCADE
ON DELETE CASCADE
GO
ALTER TABLE [dbo].[MovieRating] CHECK CONSTRAINT [FK_MovieRating_Movie]
GO
ALTER TABLE [dbo].[MovieRating]  WITH CHECK ADD  CONSTRAINT [FK_MovieRating_User] FOREIGN KEY([UserId])
REFERENCES [dbo].[User] ([Id])
ON UPDATE CASCADE
ON DELETE CASCADE
GO
ALTER TABLE [dbo].[MovieRating] CHECK CONSTRAINT [FK_MovieRating_User]
GO
USE [master]
GO
ALTER DATABASE [WheelMovies] SET  READ_WRITE 
GO
